decile,mean_pred,mean_actual,n
0,0.5911816733694715,0.46134020618556704,776
1,4.734264551965711,3.841494845360825,776
2,12.691745959974057,10.550967741935484,775
3,27.771270749204334,23.912371134020617,776
4,56.71606557573449,53.581935483870964,775
5,115.57642527317932,108.03737113402062,776
6,220.00809215690964,205.33806451612904,775
7,389.56145240776465,361.590206185567,776
8,726.3116930594348,670.981935483871,775
9,2181.5552550229004,1955.770618556701,776
